sequence,mutant,score,score_2,score_binary_class,score_binary_class_random,score_multi_class
ALRDDEYDEWQDIIRDWRKEMTVQQFLDLKERALSGASNPDYQRYNAWLELRA,D39N:S42Y,-2.7886829176216725,-2.6571582229285844,low,low,medium
ATRDDEYDEWQDIIRDWRKEMTVQQFLDLKERALSGASDPDSQRYNAWLELRA,L2T,-0.9566545117061054,-0.93008626757544,high,high,high
ALRDDEYDEWQDIIRDWRKEKTVQQTLDLKERALSGASDPDSQRYNAWLELRA,M21K:F26T,-4.716777768554086,-4.639137186212372,low,high,low
ALRDDEYDEWQDIIRDWRKEMTVQQFLDLKEIALSGASDPDRQRYNAWLELRA,R32I:S42R,-2.825418837919071,-3.0291311374616057,low,high,medium
ALRDDEYDEWQDIIRDWRKEMTVQQFLDLKEQALSGASDPDEQRYNAWLELRA,R32Q:S42E,-3.0523494508193707,-2.9907541372655797,low,low,medium
ALRDDEYDEWQDIIGDWRKEMTVQQFLDLKERALSGASDPDSQRYNAWLELRA,R15G,-1.3843258164550636,-1.3596401040975301,high,high,high
ALRDDEYDKWQDIIRDWRKEMTVQQFLDLKERALSGASDPDSQRINAWLELRA,E9K:Y45I,-2.8036604107141434,-2.81210404246772,low,low,medium
ALRDDEYDEWQDIIRMWRKEMTVQQFLDLKERALSGASDPDSQRYNAWLELRA,D16M,-0.793644436957721,-0.6313790412465777,high,high,high
ALRDDEYDEWQDIIRDWRKEETVQQGLDLKERALSGASDPDSQRYNAWLELRA,M21E:F26G,-4.0871878212845285,-4.227458361705366,low,high,low
ALRDDEYDEWQDIIRHWRKEMTVQQFLDLKERALSGASDPDSQRYNAHLELRA,D16H:W48H,-2.1691325250809133,-2.1412367835978303,high,low,medium
ALRDDEYDEWQDIIRWWRKEMTVQQFLDLKERALSGASDPDSQRYNAILELRA,D16W:W48I,-1.6676349173243663,-1.5762172106467724,high,high,medium
ALRDDEYDEWQDIIRDWRKEMTVQQFLDLKEKALSGASDPDKQRYNAWLELRA,R32K:S42K,-2.668219817717872,-2.9048143189170292,low,high,medium
ALRDDEYDEWQDIIRDWRKEMTVQQFLDLYERALSGASDPDSQRYNAWLELRA,K30Y,-2.589823099975757,-2.55183462305363,low,high,medium
ALRDDEYDEWQDIILHWRKEMTVQQFLDLKERALSGASDPDSQRYNAWLELRA,R15L:D16H,-0.7421296433843079,-0.7957176429744499,high,low,high
ALRDDEYDEWQDIIRDWRKEMTVQQFLDLKERALSGASNPDLQRYNAWLELRA,D39N:S42L,-2.7082473920175767,-2.8291234516200587,low,low,medium
ALRDDEYDEWQDIIRDWRKEMTVQQFLDLKEVALSGASNPDSQRYNAWLELRA,R32V:D39N,-2.411909479330287,-2.4212112553900575,high,high,medium
ALRDDEYDEWQDIINSWRKEMTVQQFLDLKERALSGASDPDSQRYNAWLELRA,R15N:D16S,-0.893784234179682,-0.9625465396842318,high,low,high
ALRDDEYDEWQDIIRDWRKEMTVQQFLDLKERALSGASDPDSQRYNAELELWA,W48E:R52W,-3.278444080179715,-3.2385221970883387,low,low,low
ALRDDEYDEWQDIIRDWRKEMTVQQFLDLKERALSGASGPDIQRYNAWLELRA,D39G:S42I,-0.9719443594374376,-0.8843995371923132,high,low,high
ALRDDEYDEWQDIIMDWRKEMTVQQFLDLKERALSGASDPDSQRYNAKLELRA,R15M:W48K,-3.880342671497422,-4.0096811824554965,low,high,low
ALRDDEYDEWQDIIRDWRKEMTVQQFLDLEERALSGASDPDSQRMNAWLELRA,K30E:Y45M,-3.0472071142037,-3.085843217863284,low,low,medium
ALRDDEYDEWQDIIRHWRKEMTVQQFLDLKERALSGASDPDSQRYNAQLELRA,D16H:W48Q,-2.6840999439342026,-2.7176349657472754,low,high,medium
ALRDDEYDYWQDIIRDWRKEMTVQQFLDLKERALSGASDPDSQRYNAWLELRA,E9Y,-1.8832416201831064,-1.8806948490992335,high,low,medium
ALRDDEYDGWQDIIRDWRKEMTVQQFLDLKERALSGASDPDSQRGNAWLELRA,E9G:Y45G,-3.759897805488542,-3.6858477310906426,low,high,low
ALRDDEYDEWQDIIRDWRKEMTVQQFLDLKERALSGASDPDSQRYNADLELTA,W48D:R52T,-4.184538094900445,-4.377664374814155,low,low,low
ALRDDEYDEWQDIIVPWRKEMTVQQFLDLKERALSGASDPDSQRYNAWLELRA,R15V:D16P,-3.176686850827592,-3.0461455399060546,low,low,medium
ALRDDEYDEWQDIIRDWRKEMTVQQFLDLKERALSGASGPDGQRYNAWLELRA,D39G:S42G,-2.5702527749612067,-2.4532168291672387,low,high,medium
ALRDDEYDEWQDIIRGWRKEMTVQQFLDLKERALSGASDPDSQRYNASLELRA,D16G:W48S,-3.317892984348322,-3.3023309215048475,low,high,low
ALRDDEYDEWQDIIRTWRKEMTVQQFLDLKERALSGASDPDSQRYNAMLELRA,D16T:W48M,-1.5153970979048643,-1.5079098720447022,high,high,high
ALRDDEYDEWQDIIRDWRKEMTVQQFLDLKESALSGASLPDSQRYNAWLELRA,R32S:D39L,-2.327046551874003,-2.3757817434963666,high,low,medium
ALRDDEYDEWQDIIWDWRKEMTVQQFLDLKERALSGASDPDSQRYNAWLELHA,R15W:R52H,-2.060980826541183,-2.006196541973512,high,low,medium
ALRDDEYDEWQDIIRDWRKEMTVQQFLDLKEPALSGASRPDSQRYNAWLELRA,R32P:D39R,-3.957329998250312,-3.915707054699937,low,low,low
ALRDDEYDEWQDIIRNWRKEMTVQQFLDLKERALSGASDPDSQRYNARLELRA,D16N:W48R,-2.8946381768128484,-3.1076513136752077,low,low,medium
ALRDDEYDEWQDIIRDWRKEMTVQQFLDLKERRLSGASDPDSQRYNAWLELRA,A33R,-1.8112525206462595,-1.7230129714363303,high,low,medium
ALRDDEYDEWQDIIQDWRKEMTVQQFLDLKERALSGASDPDSQRYNAWLELAA,R15Q:R52A,-2.533096636697242,-2.428449605781424,low,low,medium
ALRDDEYDEWQDIIRDWRKEDTVQQHLDLKERALSGASDPDSQRYNAWLELRA,M21D:F26H,-4.162224393389354,-4.280181624093278,low,low,low
ALRDDEYDEWQDIIRQWRKEMTVQQFLDLKERALSGASDPDSQRYNAILELRA,D16Q:W48I,-1.9289769678175,-1.7662203330898183,high,low,medium
ALRDDEYDEWQDIIIGWRKEMTVQQFLDLKERALSGASDPDSQRYNAWLELRA,R15I:D16G,-1.6971994390442458,-1.86457838225908,high,high,medium
ALRDDEYDRWQDIIRDWRKEMTVQQFLDLSERALSGASDPDSQRYNAWLELRA,E9R:K30S,-1.9676621527787752,-2.135996953822401,high,high,medium
ALRDDEYDEWQDIIMLWRKEMTVQQFLDLKERALSGASDPDSQRYNAWLELRA,R15M:D16L,-1.4529997312452645,-1.3800782435328605,high,low,high
ALRDDEYEEWQDIIRDWRKEMTVQQFLDLKERALSGASDPDSQRYNAWLELRA,D8E,-0.0043307199116209,0.036485321334483366,high,low,high
ALRDDEYDEWQDIIRDWRKEMTVQQFLDLKERALSGASDPDSQRYNAALELHA,W48A:R52H,-3.3958438464004352,-3.2817750565365444,low,high,low
ALRDDEYDEWQDIIEDWRKEMTVQQFLDLKERALSGASDPDSQRYNAWLELFA,R15E:R52F,-2.6415630280929,-2.700282068128733,low,high,medium
ALRDDEYDEWQDIIRDWRKEMTVQQFLDLKERALSGASDLDSQRYNAWLELRA,P40L,-0.3787801782001714,-0.19617343389306732,high,low,high
ALRDDEYDEWQDIIQFWRKEMTVQQFLDLKERALSGASDPDSQRYNAWLELRA,R15Q:D16F,-0.5648402311490872,-0.596000805863495,high,low,high
ALRRDEYDEWQDIIRDWRKEMTVQQFLDLKERALSGASDPDSQRYNAWLELRA,D4R,0.0146124139075025,-0.060417954618846643,high,low,high
ALRDDEYVEWQDIIRDWRKEMTVQQFLDLKERALSGASDPDSQRYNAWLELRA,D8V,0.0054085277004456,0.010978646322359365,high,low,high
ALRDDEYDPWQDIIRDWRKEMTVQQFLDLKERALSGASDPDSQRKNAWLELRA,E9P:Y45K,-3.751364119393022,-3.7316271398007794,low,low,low
ALRDDEYDEWQDIIRDWRKEMTVQQFLDLKEAALSGASDPDCQRYNAWLELRA,R32A:S42C,-1.1543860890423563,-0.9136086147663717,high,high,high
ALRDDEYDEWQDIIRDWRKEMTVQQFLDLKERALSGASDPDSQRYNADLELFA,W48D:R52F,-3.7233963561859857,-3.7762323436589336,low,high,low
ALRDDEYDEWQDIIRDWRKEMTVQQFLDLKERALTGASDPDSQRYNAWLELRA,S35T,-0.4641755582962297,-0.3920789890249639,high,low,high
ALRDDEYDEWQDIIRKWRKEMTVQQFLDLKERALSGASDPDSQRYNAWLELIA,D16K:R52I,-1.7302529520833794,-1.7431390741357458,high,high,medium
ALRDDEYDEWQDIIRDWRKEMTVQQFLDLKERALSGASDPDSQRYNAWVELRA,L49V,0.1273501854777938,0.09155588289683728,high,low,high
ALRDDEYDEWQDIIRDWRKEMTVQQFLDLKERALSNASDPDSQRYNAWLELRA,G36N,-0.7888364142586419,-1.1306871107209786,high,low,high
ALRDDEYDEWQDIIRDWRKEWTVQQHLDLKERALSGASDPDSQRYNAWLELRA,M21W:F26H,-3.1674154751588084,-3.129803323244959,low,high,medium
ALRDDEYDEWQDIIRDWRKEMTVQQFLDLPERALSGASDPDSQRRNAWLELRA,K30P:Y45R,-3.724817863624595,-3.7475714023324387,low,low,low
ALRDDEYDEWQDIIRDWRKEMTVQQFLDLKESALSGASCPDSQRYNAWLELRA,R32S:D39C,-2.7778756269693727,-2.9074218283933346,low,high,medium
ALRDDEYDEWQDIIRDWRKEFTVQQFLDLKERALSGASDPDSQRYNAWLELRA,M21F,-0.0315593483926899,-0.11603716683029716,high,high,high
ALRDDEYDEWQDIIRDWRKEMTVQQFLDLKEMALSGASDPDDQRYNAWLELRA,R32M:S42D,-2.8333742177954515,-2.8334148163798396,low,low,medium
ALRDDEYDEWQDIIRDWRKEMTVQQFLDLKERALSGASDPDSQRYNAYLELEA,W48Y:R52E,-3.073581933619633,-2.987110918022698,low,low,medium
ALRDDEYDEWQDIIRDWRKEMTVQQFLDLKERALSGASDPDSQRYNARLELLA,W48R:R52L,-2.0940766550561536,-2.207973006417462,high,high,medium
ALRDDEYDWWQDIIRDWRKEMTVQQFLDLTERALSGASDPDSQRYNAWLELRA,E9W:K30T,-2.29134088441794,-2.1570761572527664,high,low,medium
ALRDDEYDEWQDIIRDWRKEATVQQMLDLKERALSGASDPDSQRYNAWLELRA,M21A:F26M,-4.705923711920539,-4.999041226338041,low,high,low
ALRDDEYDEWQDIIRDWRKEMTVQQFLDLKEDALSGASDPDGQRYNAWLELRA,R32D:S42G,-2.9750918583580868,-3.0900478027585483,low,high,medium
ALRDDEYDEWQDIIGDWRKEMTVQQFLDLKERALSGASDPDSQRYNAWLELPA,R15G:R52P,-3.766980551038349,-3.9434448946805323,low,high,low
ALRDDEYDEWQDIIRDWRKEMTVQQFLDLKENALSGASDPDVQRYNAWLELRA,R32N:S42V,-1.645090136174863,-1.6062850775211048,high,high,medium
ALRDDEYDEWQDIIRDWRKEMTVQQFLDLFERALSGASDPDSQRFNAWLELRA,K30F:Y45F,-1.9096980040450635,-1.8412202295086026,high,high,medium
ALRDDEYDEWQDIINFWRKEMTVQQFLDLKERALSGASDPDSQRYNAWLELRA,R15N:D16F,-0.6729758850429919,-0.8363019881610687,high,low,high
ALRDDEYDEWQDIIRDWRKEMTVQQFLDLKERALSGASDPDSQRYNAWLELIA,R52I,-1.680690988419045,-1.721472946233681,high,low,medium
ALRDDEYDEWQDIIYDWRKEMTVQQFLDLKERALSGASDPDSQRYNAFLELRA,R15Y:W48F,-2.394052523848607,-2.446116337715487,high,low,medium
ALRDDEYDSWQDIIRDWRKEMTVQQFLDLKERALSGASDPDSQRHNAWLELRA,E9S:Y45H,-3.55644438718235,-3.447658293451557,low,high,low
ALRDDEYDEWQDIIRWWRKEMTVQQFLDLKERALSGASDPDSQRYNAALELRA,D16W:W48A,-2.1774089918775896,-2.198962521532911,high,high,medium
ALRDDEYDWWQDIIRDWRKEMTVQQFLDLKERALSGASDPDSQRKNAWLELRA,E9W:Y45K,-3.380940037897905,-3.645275847124525,low,high,low
ALRDDEYDEWQDIIRDWRKEMTVQQFLDLKESALSGASDPDTQRYNAWLELRA,R32S:S42T,-1.3491011723135689,-1.278196110768715,high,low,high
ALRDDEYDHWQDIIRDWRKEMTVQQFLDLRERALSGASDPDSQRYNAWLELRA,E9H:K30R,-1.6418698822058992,-1.4982606790630042,high,high,medium
ALRDDEYDEWQDIIRDWRKEMTVQQFLDLKEEALSGASEPDSQRYNAWLELRA,R32E:D39E,-3.2501599349762405,-3.2009563390061366,low,high,low
ALRDDEYDEWQDIIMDWRKEMTVQQFLDLKERALSGASDPDSQRYNAWLELWA,R15M:R52W,-1.90107357215656,-1.9260794393031195,high,high,medium
ALRDDEYTEWQDIIRDWRKEMTVQQFLDLKERALSGASDPDSQRYNAWLELRA,D8T,0.2272117942952132,0.1425661860971683,high,high,high
ALRDDEYDEWQDIIRDWRKEMTVQQFLDLKERALSGASAPDIQRYNAWLELRA,D39A:S42I,-1.5374766891434763,-1.595182319728083,high,low,high
ALRDDEYDEWQDIIRDWRKEMTVQQFLDLKERALSGASGPDVQRYNAWLELRA,D39G:S42V,-0.6839066837257093,-0.7013724782280155,high,high,high
ALRDDEYDEWQDIIIDWRKEMTVQQFLDLKERALSGASDPDSQRYNAILELRA,R15I:W48I,-3.2640497607582266,-3.2797018569068177,low,low,low
ALRDDEYDEWQDIIRDWRKEPTVQQNLDLKERALSGASDPDSQRYNAWLELRA,M21P:F26N,-4.531924782090716,-4.475851429406834,low,high,low
ALRDDEYDEWQDIIRDWRKEWTVQQVLDLKERALSGASDPDSQRYNAWLELRA,M21W:F26V,-2.843026167403546,-2.9323105279149804,low,high,medium
ALRDDEYDEWQDIIRDWRKEMTVQQFLDLKERALSGASDPDSQRYNAQLELRA,W48Q,-3.0139882154634856,-3.0865377467154778,low,high,medium
ALRDDEYDEWQDIIRDWRKEMTVQQFLDLKERALSGASIPDAQRYNAWLELRA,D39I:S42A,-2.667840859839629,-2.6670650608087314,low,low,medium
ALRDDEYDEWQDIILDWRKEMTVQQFLDLKERALSGASDPDSQRYNAWLELRA,R15L,-0.7626608323413728,-0.794150036557083,high,high,high
ALRDDEYDLWQDIIRDWRKEMTVQQFLDLRERALSGASDPDSQRYNAWLELRA,E9L:K30R,-0.5601584806219941,-0.4630340568090512,high,high,high
ALRDDEYDEWQDIIYYWRKEMTVQQFLDLKERALSGASDPDSQRYNAWLELRA,R15Y:D16Y,-0.4721934184739904,-0.3312414651999037,high,low,high
ALRDDEYDEWQDIIRDWRKEMTVQQFLDLKERALSGASDPDSQRYNAWQELRA,L49Q,-0.2411875316634524,-0.19897790924174377,high,high,high
ALRDDEYDEWQDIIRDWRKEMTVQQFLDLKERALSGASLPDHQRYNAWLELRA,D39L:S42H,-2.9377168204027377,-3.210514013289658,low,high,medium
ALRDDEYDEWQDIIDDWRKEMTVQQFLDLKERALSGASDPDSQRYNAWLELAA,R15D:R52A,-3.101397806054055,-3.0488528602906304,low,high,medium
ALRDDEYDEWQDIIRDWRKEMTVQQFLDLKEWALSGASAPDSQRYNAWLELRA,R32W:D39A,-2.76808453151279,-2.69230234813371,low,low,medium
ALRDDEYDEWQDIIHDWRKEMTVQQFLDLKERALSGASDPDSQRYNAWLELTA,R15H:R52T,-2.531008046825586,-2.39774825764807,low,low,medium
ALRDDEYDEWQDIIREWRKEMTVQQFLDLKERALSGASDPDSQRYNATLELRA,D16E:W48T,-2.486470966104749,-2.4464558061639314,high,low,medium
ALRDDGYDEWQDIIRDWRKEMTVQQFLDLKERALSGASDPDSQRYNAWLELRA,E6G,-1.2209682284241925,-1.4878302497188223,high,low,high
ALRDDEYDEWQDIIRDWRKEMTVQQFLDLKERALSGASDPDSQRYNAALELSA,W48A:R52S,-3.412635506148007,-3.426296440911157,low,low,low
ALRDDEYDEWQDIIRDWRKEMTVQQFLDLQERALSGASDPDSQRENAWLELRA,K30Q:Y45E,-3.922257915806233,-3.9332890759052526,low,low,low
ALRDDEYDEWQDIIRDWRKEMTVQQFLDLKERALSGASLPDWQRYNAWLELRA,D39L:S42W,-2.615226142982537,-2.71016659326836,low,low,medium
ALRDDEYDEWQDIIRDWRKEMTVQQFLDLKERATSGASDPDSQRYNAWLELRA,L34T,-0.2987497767679055,-0.31715604724604685,high,low,high
ALRDDEYDEWQDIIRDWRKEMTVQQFLDLKEEALSGASDPDDQRYNAWLELRA,R32E:S42D,-3.4251349144736034,-3.310485994678577,low,low,low
